source,target,Type,weight
0,101,Undirected,3
0,115,Undirected,3
0,272,Undirected,3
0,336,Undirected,14
0,337,Undirected,3
0,354,Undirected,3
0,381,Undirected,3
0,422,Undirected,4
0,510,Undirected,3
0,726,Undirected,7
0,729,Undirected,6
0,742,Undirected,4
1,110,Undirected,4
1,600,Undirected,5
1,671,Undirected,3
1,751,Undirected,6
2,148,Undirected,13
2,189,Undirected,4
2,290,Undirected,4
2,501,Undirected,3
2,592,Undirected,4
2,667,Undirected,4
2,717,Undirected,3
2,726,Undirected,3
2,745,Undirected,3
3,148,Undirected,11
3,197,Undirected,7
3,218,Undirected,3
3,280,Undirected,14
3,292,Undirected,9
3,358,Undirected,16
3,400,Undirected,10
3,588,Undirected,12
3,593,Undirected,4
3,613,Undirected,11
3,726,Undirected,23
3,729,Undirected,3
3,746,Undirected,3
3,785,Undirected,6
3,792,Undirected,4
4,6,Undirected,6
5,336,Undirected,3
6,21,Undirected,4
6,22,Undirected,7
6,88,Undirected,4
6,119,Undirected,9
6,130,Undirected,33
6,139,Undirected,3
6,150,Undirected,3
6,157,Undirected,5
6,163,Undirected,4
6,174,Undirected,11
6,190,Undirected,3
6,246,Undirected,20
6,259,Undirected,5
6,304,Undirected,3
6,338,Undirected,5
6,345,Undirected,25
6,360,Undirected,110
6,433,Undirected,3
6,439,Undirected,5
6,526,Undirected,3
6,555,Undirected,5
6,602,Undirected,5
6,631,Undirected,99
6,667,Undirected,12
6,782,Undirected,3
7,48,Undirected,6
7,311,Undirected,6
7,696,Undirected,3
7,781,Undirected,4
8,50,Undirected,7
8,56,Undirected,4
8,60,Undirected,17
8,151,Undirected,5
8,186,Undirected,4
8,205,Undirected,4
8,210,Undirected,27
8,252,Undirected,6
8,254,Undirected,10
8,262,Undirected,4
8,463,Undirected,7
8,493,Undirected,11
8,626,Undirected,5
8,696,Undirected,20
8,744,Undirected,20
9,602,Undirected,3
10,46,Undirected,5
10,64,Undirected,4
10,91,Undirected,4
10,95,Undirected,3
10,115,Undirected,3
10,162,Undirected,4
10,189,Undirected,15
10,194,Undirected,3
10,242,Undirected,3
10,336,Undirected,37
10,354,Undirected,6
10,357,Undirected,3
10,527,Undirected,3
10,588,Undirected,14
10,602,Undirected,35
10,623,Undirected,4
10,726,Undirected,9
10,729,Undirected,26
10,746,Undirected,3
11,228,Undirected,3
11,235,Undirected,3
11,273,Undirected,3
11,573,Undirected,4
12,64,Undirected,3
12,70,Undirected,3
12,145,Undirected,4
12,148,Undirected,30
12,183,Undirected,6
12,261,Undirected,5
12,351,Undirected,26
12,366,Undirected,9
12,562,Undirected,3
12,570,Undirected,23
13,96,Undirected,3
13,115,Undirected,3
13,155,Undirected,3
13,726,Undirected,7
14,279,Undirected,3
14,360,Undirected,5
14,575,Undirected,3
15,89,Undirected,7
15,296,Undirected,3
15,355,Undirected,6
15,474,Undirected,3
16,428,Undirected,3
16,442,Undirected,3
17,53,Undirected,4
17,138,Undirected,4
17,160,Undirected,14
17,392,Undirected,3
17,584,Undirected,3
17,640,Undirected,4
17,667,Undirected,9
18,198,Undirected,13
18,442,Undirected,7
18,461,Undirected,16
18,520,Undirected,3
18,633,Undirected,4
19,338,Undirected,3
19,726,Undirected,4
20,160,Undirected,5
20,454,Undirected,5
20,667,Undirected,3
21,39,Undirected,5
21,402,Undirected,7
21,453,Undirected,3
21,479,Undirected,7
21,531,Undirected,8
21,616,Undirected,6
21,631,Undirected,8
22,88,Undirected,3
22,259,Undirected,3
22,279,Undirected,4
22,338,Undirected,13
22,345,Undirected,13
22,354,Undirected,4
22,360,Undirected,63
22,439,Undirected,6
22,555,Undirected,4
22,559,Undirected,4
22,575,Undirected,5
22,631,Undirected,12
22,667,Undirected,3
22,726,Undirected,15
23,189,Undirected,11
23,293,Undirected,6
23,368,Undirected,8
23,602,Undirected,4
23,709,Undirected,3
24,201,Undirected,4
24,357,Undirected,3
25,360,Undirected,13
25,464,Undirected,6
25,653,Undirected,5
26,50,Undirected,18
26,373,Undirected,5
26,667,Undirected,5
27,48,Undirected,6
27,288,Undirected,4
28,336,Undirected,6
28,393,Undirected,10
28,422,Undirected,4
29,48,Undirected,9
29,115,Undirected,4
29,121,Undirected,4
29,185,Undirected,3
29,237,Undirected,3
29,258,Undirected,10
29,314,Undirected,3
29,327,Undirected,4
29,336,Undirected,3
29,354,Undirected,7
29,472,Undirected,5
29,510,Undirected,6
29,542,Undirected,3
29,568,Undirected,5
29,617,Undirected,3
29,632,Undirected,5
29,700,Undirected,5
29,729,Undirected,8
29,740,Undirected,10
29,790,Undirected,5
30,510,Undirected,3
30,564,Undirected,4
31,160,Undirected,4
31,192,Undirected,4
31,239,Undirected,3
32,38,Undirected,10
32,227,Undirected,11
32,499,Undirected,4
32,679,Undirected,8
32,725,Undirected,4
33,48,Undirected,15
33,78,Undirected,4
33,257,Undirected,9
33,293,Undirected,7
33,323,Undirected,3
33,399,Undirected,22
33,632,Undirected,3
33,647,Undirected,6
33,708,Undirected,12
34,73,Undirected,4
34,247,Undirected,6
34,291,Undirected,6
34,310,Undirected,7
34,538,Undirected,10
34,682,Undirected,6
34,789,Undirected,5
35,127,Undirected,5
35,244,Undirected,13
35,564,Undirected,21
35,691,Undirected,4
36,480,Undirected,5
37,38,Undirected,28
37,49,Undirected,11
37,61,Undirected,4
37,106,Undirected,7
37,178,Undirected,44
37,199,Undirected,3
37,499,Undirected,5
37,509,Undirected,13
37,510,Undirected,3
38,49,Undirected,19
38,61,Undirected,5
38,112,Undirected,8
38,178,Undirected,26
38,199,Undirected,3
38,219,Undirected,3
38,227,Undirected,18
38,240,Undirected,11
38,465,Undirected,3
38,487,Undirected,3
38,499,Undirected,16
38,509,Undirected,5
38,510,Undirected,3
38,564,Undirected,8
38,594,Undirected,3
38,679,Undirected,10
38,703,Undirected,3
38,725,Undirected,4
39,402,Undirected,3
39,453,Undirected,3
39,479,Undirected,3
39,531,Undirected,5
39,616,Undirected,4
40,45,Undirected,3
40,50,Undirected,3
40,489,Undirected,4
40,596,Undirected,3
40,667,Undirected,7
41,632,Undirected,3
42,206,Undirected,6
42,285,Undirected,4
42,635,Undirected,4
43,360,Undirected,3
44,70,Undirected,25
44,148,Undirected,29
44,326,Undirected,3
44,350,Undirected,3
44,366,Undirected,13
44,387,Undirected,3
44,469,Undirected,7
44,588,Undirected,7
46,242,Undirected,9
46,406,Undirected,3
46,588,Undirected,3
46,658,Undirected,4
47,574,Undirected,3
48,69,Undirected,3
48,77,Undirected,3
48,78,Undirected,28
48,81,Undirected,10
48,89,Undirected,40
48,92,Undirected,5
48,98,Undirected,10
48,101,Undirected,4
48,110,Undirected,8
48,115,Undirected,25
48,121,Undirected,8
48,157,Undirected,5
48,161,Undirected,8
48,165,Undirected,3
48,172,Undirected,4
48,185,Undirected,6
48,189,Undirected,46
48,200,Undirected,4
48,237,Undirected,82
48,257,Undirected,9
48,258,Undirected,10
48,288,Undirected,3
48,290,Undirected,7
48,293,Undirected,17
48,314,Undirected,76
48,327,Undirected,8
48,336,Undirected,13
48,339,Undirected,25
48,348,Undirected,14
48,354,Undirected,53
48,360,Undirected,71
48,368,Undirected,12
48,384,Undirected,17
48,386,Undirected,3
48,399,Undirected,24
48,409,Undirected,31
48,429,Undirected,4
48,439,Undirected,3
48,464,Undirected,4
48,466,Undirected,9
48,472,Undirected,7
48,484,Undirected,39
48,495,Undirected,24
48,499,Undirected,13
48,501,Undirected,17
48,532,Undirected,4
48,538,Undirected,3
48,542,Undirected,14
48,547,Undirected,3
48,568,Undirected,10
48,573,Undirected,5
48,577,Undirected,7
48,598,Undirected,20
48,600,Undirected,44
48,602,Undirected,17
48,607,Undirected,3
48,617,Undirected,21
48,619,Undirected,13
48,632,Undirected,58
48,633,Undirected,155
48,683,Undirected,29
48,686,Undirected,4
48,692,Undirected,5
48,696,Undirected,7
48,699,Undirected,21
48,700,Undirected,5
48,708,Undirected,24
48,709,Undirected,6
48,710,Undirected,5
48,726,Undirected,11
48,729,Undirected,13
48,732,Undirected,6
48,740,Undirected,6
48,743,Undirected,4
48,749,Undirected,20
48,759,Undirected,10
48,761,Undirected,15
48,775,Undirected,3
48,790,Undirected,32
48,791,Undirected,6
49,115,Undirected,3
49,178,Undirected,3
49,227,Undirected,3
49,240,Undirected,6
49,354,Undirected,6
49,499,Undirected,22
49,633,Undirected,3
50,60,Undirected,15
50,123,Undirected,4
50,151,Undirected,5
50,210,Undirected,23
50,224,Undirected,8
50,249,Undirected,3
50,264,Undirected,3
50,274,Undirected,3
50,373,Undirected,15
50,556,Undirected,8
50,582,Undirected,3
50,602,Undirected,4
50,608,Undirected,7
50,611,Undirected,3
50,667,Undirected,16
50,678,Undirected,3
50,696,Undirected,48
50,714,Undirected,3
50,720,Undirected,16
50,724,Undirected,3
50,744,Undirected,10
50,764,Undirected,3
51,197,Undirected,3
52,115,Undirected,9
52,272,Undirected,3
52,295,Undirected,5
52,411,Undirected,3
52,442,Undirected,5
52,516,Undirected,3
52,535,Undirected,3
52,667,Undirected,3
52,710,Undirected,3
53,160,Undirected,21
53,360,Undirected,4
53,392,Undirected,5
53,464,Undirected,9
53,544,Undirected,5
53,629,Undirected,3
53,640,Undirected,19
53,648,Undirected,3
53,667,Undirected,25
54,667,Undirected,6
55,788,Undirected,5
56,60,Undirected,3
56,210,Undirected,4
56,744,Undirected,4
57,115,Undirected,8
57,633,Undirected,3
57,726,Undirected,3
58,220,Undirected,4
58,541,Undirected,3
58,726,Undirected,16
59,96,Undirected,7
59,115,Undirected,7
59,213,Undirected,10
60,110,Undirected,3
60,151,Undirected,3
60,189,Undirected,7
60,210,Undirected,23
60,600,Undirected,11
60,602,Undirected,8
60,667,Undirected,8
60,696,Undirected,30
60,729,Undirected,4
60,744,Undirected,17
61,87,Undirected,3
61,178,Undirected,11
61,240,Undirected,3
61,258,Undirected,3
61,336,Undirected,8
61,354,Undirected,11
61,411,Undirected,10
61,440,Undirected,3
61,472,Undirected,3
61,499,Undirected,4
61,519,Undirected,7
61,584,Undirected,3
61,632,Undirected,3
61,726,Undirected,15
62,187,Undirected,5
62,631,Undirected,11
63,348,Undirected,5
63,573,Undirected,5
63,610,Undirected,4
63,617,Undirected,3
63,667,Undirected,3
63,696,Undirected,17
64,70,Undirected,14
64,72,Undirected,4
64,84,Undirected,3
64,87,Undirected,3
64,115,Undirected,17
64,145,Undirected,18
64,148,Undirected,83
64,189,Undirected,28
64,223,Undirected,5
64,242,Undirected,5
64,244,Undirected,4
64,256,Undirected,3
64,261,Undirected,6
64,266,Undirected,8
64,303,Undirected,42
64,336,Undirected,8
64,351,Undirected,3
64,354,Undirected,13
64,357,Undirected,4
64,366,Undirected,5
64,383,Undirected,8
64,396,Undirected,3
64,472,Undirected,3
64,477,Undirected,8
64,538,Undirected,7
64,552,Undirected,8
64,564,Undirected,22
64,584,Undirected,13
64,586,Undirected,7
64,588,Undirected,3
64,602,Undirected,51
64,632,Undirected,3
64,633,Undirected,3
64,655,Undirected,21
64,668,Undirected,3
64,726,Undirected,3
64,742,Undirected,15
64,766,Undirected,3
64,783,Undirected,3
65,148,Undirected,4
66,160,Undirected,4
67,140,Undirected,4
67,187,Undirected,3
67,190,Undirected,4
67,259,Undirected,4
67,631,Undirected,3
68,250,Undirected,7
68,303,Undirected,3
68,329,Undirected,3
68,663,Undirected,5
70,72,Undirected,4
70,148,Undirected,46
70,303,Undirected,11
70,326,Undirected,8
70,350,Undirected,3
70,351,Undirected,3
70,366,Undirected,22
70,528,Undirected,8
70,564,Undirected,3
70,655,Undirected,3
71,573,Undirected,5
71,696,Undirected,4
72,145,Undirected,13
72,148,Undirected,24
72,303,Undirected,3
72,376,Undirected,3
72,536,Undirected,3
72,723,Undirected,5
72,726,Undirected,4
73,247,Undirected,3
73,310,Undirected,5
73,538,Undirected,5
73,682,Undirected,4
74,148,Undirected,3
74,280,Undirected,4
74,482,Undirected,4
74,726,Undirected,7
75,503,Undirected,3
75,640,Undirected,4
76,297,Undirected,3
76,403,Undirected,3
76,674,Undirected,3
76,696,Undirected,7
77,89,Undirected,9
77,115,Undirected,3
77,341,Undirected,3
77,345,Undirected,17
77,360,Undirected,48
77,419,Undirected,7
77,439,Undirected,3
77,600,Undirected,7
77,602,Undirected,6
77,696,Undirected,4
77,726,Undirected,8
77,758,Undirected,3
77,790,Undirected,4
78,110,Undirected,3
78,189,Undirected,3
78,237,Undirected,4
78,258,Undirected,9
78,293,Undirected,7
78,332,Undirected,4
78,336,Undirected,7
78,354,Undirected,3
78,399,Undirected,14
78,411,Undirected,5
78,445,Undirected,5
78,602,Undirected,5
78,632,Undirected,18
78,633,Undirected,4
78,699,Undirected,39
78,708,Undirected,4
79,89,Undirected,4
79,607,Undirected,4
79,696,Undirected,3
80,360,Undirected,3
80,788,Undirected,3
81,95,Undirected,5
81,339,Undirected,12
81,619,Undirected,17
81,790,Undirected,3
82,218,Undirected,3
83,345,Undirected,3
84,148,Undirected,3
84,303,Undirected,5
84,691,Undirected,3
85,115,Undirected,7
85,391,Undirected,3
85,442,Undirected,6
85,567,Undirected,4
85,687,Undirected,3
86,336,Undirected,4
87,115,Undirected,23
87,272,Undirected,5
87,336,Undirected,9
87,354,Undirected,14
87,411,Undirected,5
87,472,Undirected,31
87,519,Undirected,8
87,520,Undirected,3
87,633,Undirected,14
87,688,Undirected,3
87,710,Undirected,14
87,726,Undirected,14
88,114,Undirected,8
88,139,Undirected,3
88,163,Undirected,5
88,174,Undirected,4
88,190,Undirected,12
88,304,Undirected,3
88,338,Undirected,10
88,345,Undirected,16
88,360,Undirected,60
88,439,Undirected,5
88,523,Undirected,28
88,631,Undirected,10
88,635,Undirected,3
88,667,Undirected,3
88,715,Undirected,5
88,765,Undirected,5
89,100,Undirected,14
89,110,Undirected,24
89,115,Undirected,6
89,117,Undirected,3
89,128,Undirected,5
89,132,Undirected,10
89,175,Undirected,5
89,189,Undirected,34
89,281,Undirected,3
89,282,Undirected,3
89,296,Undirected,6
89,306,Undirected,209
89,317,Undirected,3
89,321,Undirected,3
89,345,Undirected,4
89,354,Undirected,6
89,355,Undirected,112
89,357,Undirected,7
89,360,Undirected,90
89,361,Undirected,3
89,368,Undirected,11
89,369,Undirected,4
89,397,Undirected,5
89,419,Undirected,116
89,460,Undirected,123
89,474,Undirected,11
89,501,Undirected,38
89,518,Undirected,42
89,538,Undirected,3
89,546,Undirected,3
89,573,Undirected,7
89,583,Undirected,3
89,584,Undirected,3
89,596,Undirected,4
89,597,Undirected,4
89,598,Undirected,129
89,600,Undirected,169
89,602,Undirected,11
89,607,Undirected,40
89,631,Undirected,11
89,633,Undirected,25
89,666,Undirected,3
89,672,Undirected,4
89,696,Undirected,64
89,710,Undirected,8
89,726,Undirected,31
89,752,Undirected,5
89,753,Undirected,12
89,781,Undirected,6
89,790,Undirected,3
90,360,Undirected,3
90,713,Undirected,3
91,189,Undirected,19
91,421,Undirected,4
91,538,Undirected,14
91,597,Undirected,3
91,598,Undirected,3
91,600,Undirected,3
91,602,Undirected,5
92,98,Undirected,6
92,686,Undirected,4
93,633,Undirected,8
93,644,Undirected,4
94,110,Undirected,3
95,110,Undirected,53
95,115,Undirected,8
95,122,Undirected,4
95,126,Undirected,12
95,141,Undirected,8
95,168,Undirected,21
95,177,Undirected,7
95,191,Undirected,3
95,195,Undirected,4
95,200,Undirected,6
95,203,Undirected,8
95,237,Undirected,6
95,324,Undirected,17
95,325,Undirected,8
95,336,Undirected,111
95,347,Undirected,4
95,354,Undirected,4
95,411,Undirected,6
95,426,Undirected,3
95,467,Undirected,17
95,502,Undirected,6
95,541,Undirected,36
95,553,Undirected,4
95,567,Undirected,3
95,574,Undirected,8
95,584,Undirected,37
95,599,Undirected,3
95,600,Undirected,5
95,602,Undirected,3
95,617,Undirected,11
95,632,Undirected,12
95,633,Undirected,24
95,639,Undirected,4
95,646,Undirected,9
95,667,Undirected,5
95,701,Undirected,5
95,710,Undirected,3
95,726,Undirected,7
95,729,Undirected,3
95,740,Undirected,4
95,748,Undirected,3
95,756,Undirected,3
95,773,Undirected,5
96,110,Undirected,6
96,115,Undirected,23
96,120,Undirected,8
96,213,Undirected,3
96,258,Undirected,4
96,330,Undirected,7
96,354,Undirected,12
96,408,Undirected,7
96,440,Undirected,8
96,444,Undirected,4
96,510,Undirected,4
96,541,Undirected,20
96,607,Undirected,4
96,644,Undirected,3
96,645,Undirected,3
96,667,Undirected,3
96,702,Undirected,5
96,710,Undirected,7
96,726,Undirected,137
96,729,Undirected,7
96,739,Undirected,11
96,742,Undirected,12
96,772,Undirected,5
97,437,Undirected,6
97,503,Undirected,4
97,640,Undirected,5
99,138,Undirected,3
99,196,Undirected,3
99,270,Undirected,5
99,584,Undirected,7
99,667,Undirected,3
100,460,Undirected,3
101,110,Undirected,29
101,159,Undirected,3
101,191,Undirected,24
101,193,Undirected,3
101,204,Undirected,7
101,313,Undirected,5
101,336,Undirected,29
101,422,Undirected,4
101,426,Undirected,10
101,504,Undirected,3
101,596,Undirected,4
101,600,Undirected,27
101,628,Undirected,3
101,696,Undirected,6
101,726,Undirected,4
101,729,Undirected,10
101,751,Undirected,7
102,738,Undirected,5
103,513,Undirected,4
103,633,Undirected,6
104,140,Undirected,3
105,244,Undirected,3
105,417,Undirected,3
105,468,Undirected,7
105,564,Undirected,7
105,691,Undirected,4
106,178,Undirected,11
106,258,Undirected,4
106,509,Undirected,5
107,663,Undirected,3
108,696,Undirected,4
109,696,Undirected,3
110,115,Undirected,30
110,126,Undirected,9
110,133,Undirected,3
110,134,Undirected,6
110,146,Undirected,5
110,166,Undirected,9
110,176,Undirected,3
110,189,Undirected,88
110,191,Undirected,42
110,200,Undirected,5
110,207,Undirected,3
110,282,Undirected,16
110,313,Undirected,27
110,324,Undirected,3
110,336,Undirected,59
110,344,Undirected,5
110,349,Undirected,13
110,354,Undirected,11
110,357,Undirected,11
110,360,Undirected,14
110,361,Undirected,14
110,411,Undirected,6
110,414,Undirected,3
110,419,Undirected,14
110,426,Undirected,55
110,431,Undirected,6
110,442,Undirected,4
110,444,Undirected,6
110,449,Undirected,3
110,455,Undirected,5
110,456,Undirected,3
110,485,Undirected,3
110,494,Undirected,9
110,496,Undirected,3
110,504,Undirected,3
110,538,Undirected,31
110,574,Undirected,6
110,580,Undirected,5
110,584,Undirected,55
110,596,Undirected,12
110,598,Undirected,6
110,599,Undirected,7
110,600,Undirected,128
110,601,Undirected,3
110,602,Undirected,27
110,606,Undirected,3
110,607,Undirected,28
110,617,Undirected,10
110,622,Undirected,7
110,628,Undirected,6
110,633,Undirected,32
110,666,Undirected,3
110,667,Undirected,24
110,671,Undirected,5
110,689,Undirected,8
110,696,Undirected,14
110,726,Undirected,69
110,728,Undirected,4
110,729,Undirected,21
110,736,Undirected,3
110,739,Undirected,5
110,742,Undirected,10
110,748,Undirected,13
110,751,Undirected,38
110,762,Undirected,10
110,772,Undirected,5
111,189,Undirected,7
111,584,Undirected,3
111,709,Undirected,6
112,227,Undirected,5
113,541,Undirected,3
114,130,Undirected,3
114,360,Undirected,3
114,523,Undirected,8
115,121,Undirected,3
115,126,Undirected,6
115,148,Undirected,3
115,178,Undirected,3
115,179,Undirected,18
115,185,Undirected,16
115,189,Undirected,91
115,197,Undirected,4
115,199,Undirected,4
115,213,Undirected,14
115,229,Undirected,3
115,233,Undirected,3
115,258,Undirected,21
115,272,Undirected,24
115,295,Undirected,4
115,301,Undirected,3
115,302,Undirected,35
115,327,Undirected,34
115,330,Undirected,4
115,336,Undirected,130
115,337,Undirected,3
115,338,Undirected,13
115,353,Undirected,13
115,354,Undirected,173
115,357,Undirected,7
115,360,Undirected,7
115,368,Undirected,5
115,381,Undirected,24
115,393,Undirected,38
115,411,Undirected,24
115,426,Undirected,9
115,428,Undirected,26
115,432,Undirected,3
115,435,Undirected,5
115,440,Undirected,4
115,442,Undirected,79
115,446,Undirected,3
115,462,Undirected,5
115,472,Undirected,46
115,478,Undirected,4
115,481,Undirected,5
115,484,Undirected,3
115,499,Undirected,19
115,510,Undirected,9
115,513,Undirected,11
115,516,Undirected,9
115,517,Undirected,15
115,519,Undirected,37
115,520,Undirected,30
115,538,Undirected,27
115,542,Undirected,9
115,549,Undirected,3
115,552,Undirected,34
115,567,Undirected,30
115,568,Undirected,16
115,581,Undirected,3
115,584,Undirected,12
115,588,Undirected,8
115,600,Undirected,15
115,602,Undirected,134
115,603,Undirected,4
115,632,Undirected,19
115,633,Undirected,95
115,638,Undirected,5
115,641,Undirected,9
115,644,Undirected,9
115,667,Undirected,42
115,684,Undirected,46
115,687,Undirected,4
115,688,Undirected,3
115,700,Undirected,11
115,710,Undirected,111
115,726,Undirected,209
115,729,Undirected,57
115,733,Undirected,13
115,742,Undirected,53
115,743,Undirected,4
115,747,Undirected,3
115,751,Undirected,5
115,769,Undirected,5
116,726,Undirected,10
117,474,Undirected,4
118,644,Undirected,4
118,726,Undirected,8
118,742,Undirected,4
119,345,Undirected,6
119,360,Undirected,9
119,395,Undirected,9
119,559,Undirected,3
119,631,Undirected,10
119,657,Undirected,8
120,726,Undirected,5
120,772,Undirected,3
121,185,Undirected,3
121,258,Undirected,4
121,327,Undirected,3
121,354,Undirected,3
121,472,Undirected,3
121,542,Undirected,4
121,568,Undirected,7
121,632,Undirected,3
121,700,Undirected,5
121,761,Undirected,6
123,249,Undirected,5
123,667,Undirected,6
124,336,Undirected,3
124,375,Undirected,4
125,148,Undirected,13
125,245,Undirected,5
125,564,Undirected,3
126,189,Undirected,3
126,336,Undirected,32
126,600,Undirected,11
126,726,Undirected,13
127,148,Undirected,3
127,244,Undirected,5
127,377,Undirected,3
127,564,Undirected,7
128,175,Undirected,3
128,607,Undirected,4
129,140,Undirected,6
129,631,Undirected,3
130,304,Undirected,6
130,360,Undirected,30
130,490,Undirected,4
130,631,Undirected,9
130,667,Undirected,3
131,148,Undirected,7
131,183,Undirected,9
131,275,Undirected,7
131,560,Undirected,6
132,246,Undirected,3
132,306,Undirected,4
132,460,Undirected,3
133,260,Undirected,5
133,430,Undirected,5
133,538,Undirected,6
133,601,Undirected,7
133,739,Undirected,4
134,584,Undirected,3
135,136,Undirected,5
135,645,Undirected,9
135,726,Undirected,6
137,667,Undirected,3
138,160,Undirected,5
138,584,Undirected,3
138,667,Undirected,18
138,726,Undirected,3
138,742,Undirected,3
139,163,Undirected,18
139,190,Undirected,3
139,360,Undirected,14
139,523,Undirected,6
139,555,Undirected,3
139,631,Undirected,10
139,640,Undirected,3
139,667,Undirected,5
140,171,Undirected,6
140,187,Undirected,7
140,190,Undirected,6
140,246,Undirected,24
140,259,Undirected,3
140,345,Undirected,30
140,355,Undirected,3
140,360,Undirected,36
140,439,Undirected,10
140,631,Undirected,48
140,698,Undirected,4
140,715,Undirected,3
141,325,Undirected,15
141,643,Undirected,4
142,160,Undirected,14
142,464,Undirected,7
142,530,Undirected,8
142,554,Undirected,17
142,584,Undirected,4
142,602,Undirected,4
142,640,Undirected,3
142,648,Undirected,6
142,667,Undirected,21
143,264,Undirected,4
143,274,Undirected,4
144,237,Undirected,3
144,389,Undirected,4
144,690,Undirected,3
145,148,Undirected,65
145,183,Undirected,3
145,261,Undirected,6
145,266,Undirected,4
145,298,Undirected,7
145,303,Undirected,14
145,329,Undirected,10
145,350,Undirected,5
145,351,Undirected,9
145,366,Undirected,10
145,477,Undirected,4
145,548,Undirected,3
145,564,Undirected,5
145,570,Undirected,4
145,630,Undirected,3
145,655,Undirected,9
146,431,Undirected,3
146,600,Undirected,3
147,178,Undirected,3
147,510,Undirected,3
148,150,Undirected,3
148,178,Undirected,3
148,180,Undirected,18
148,183,Undirected,123
148,189,Undirected,5
148,208,Undirected,8
148,212,Undirected,3
148,223,Undirected,19
148,244,Undirected,15
148,245,Undirected,8
148,261,Undirected,25
148,266,Undirected,10
148,275,Undirected,12
148,298,Undirected,5
148,303,Undirected,96
148,326,Undirected,36
148,329,Undirected,73
148,350,Undirected,65
148,351,Undirected,39
148,358,Undirected,6
148,366,Undirected,161
148,387,Undirected,16
148,424,Undirected,3
148,427,Undirected,3
148,428,Undirected,3
148,450,Undirected,3
148,468,Undirected,6
148,469,Undirected,5
148,473,Undirected,4
148,475,Undirected,3
148,476,Undirected,34
148,477,Undirected,63
148,482,Undirected,3
148,528,Undirected,4
148,536,Undirected,4
148,543,Undirected,4
148,551,Undirected,14
148,557,Undirected,5
148,558,Undirected,6
148,560,Undirected,18
148,561,Undirected,11
148,562,Undirected,5
148,564,Undirected,58
148,570,Undirected,22
148,586,Undirected,19
148,588,Undirected,27
148,589,Undirected,5
148,602,Undirected,26
148,655,Undirected,33
148,663,Undirected,3
148,681,Undirected,4
148,691,Undirected,4
148,726,Undirected,17
148,742,Undirected,8
148,744,Undirected,7
148,746,Undirected,55
148,783,Undirected,29
148,793,Undirected,4
149,648,Undirected,3
151,607,Undirected,3
151,696,Undirected,7
152,188,Undirected,4
152,360,Undirected,4
152,559,Undirected,5
153,246,Undirected,10
153,360,Undirected,6
153,439,Undirected,15
153,464,Undirected,3
153,667,Undirected,5
153,737,Undirected,12
154,267,Undirected,3
154,573,Undirected,7
154,656,Undirected,7
154,661,Undirected,4
154,696,Undirected,5
156,311,Undirected,3
156,340,Undirected,3
156,751,Undirected,3
157,246,Undirected,7
157,360,Undirected,6
157,394,Undirected,4
157,631,Undirected,26
158,189,Undirected,3
158,716,Undirected,3
159,204,Undirected,3
159,336,Undirected,12
160,167,Undirected,9
160,189,Undirected,4
160,192,Undirected,19
160,231,Undirected,4
160,248,Undirected,9
160,268,Undirected,3
160,328,Undirected,3
160,354,Undirected,10
160,382,Undirected,4
160,392,Undirected,8
160,404,Undirected,3
160,447,Undirected,5
160,458,Undirected,3
160,464,Undirected,64
160,480,Undirected,3
160,544,Undirected,6
160,554,Undirected,24
160,584,Undirected,6
160,600,Undirected,3
160,604,Undirected,4
160,629,Undirected,41
160,640,Undirected,6
160,648,Undirected,9
160,667,Undirected,131
160,677,Undirected,3
160,781,Undirected,32
161,692,Undirected,3
163,190,Undirected,3
163,338,Undirected,3
163,360,Undirected,4
163,523,Undirected,4
163,555,Undirected,4
163,631,Undirected,14
164,468,Undirected,3
165,189,Undirected,4
166,191,Undirected,8
166,600,Undirected,4
166,736,Undirected,9
167,360,Undirected,5
167,464,Undirected,4
167,554,Undirected,3
167,584,Undirected,3
167,667,Undirected,31
168,211,Undirected,3
168,336,Undirected,3
168,541,Undirected,9
168,584,Undirected,3
169,360,Undirected,3
169,635,Undirected,5
170,319,Undirected,3
170,691,Undirected,4
171,631,Undirected,4
173,645,Undirected,10
174,345,Undirected,4
174,360,Undirected,47
174,434,Undirected,6
174,439,Undirected,3
174,559,Undirected,6
174,667,Undirected,4
175,403,Undirected,3
175,419,Undirected,7
175,489,Undirected,3
175,573,Undirected,3
175,607,Undirected,4
177,354,Undirected,22
177,415,Undirected,3
177,481,Undirected,8
177,538,Undirected,4
177,633,Undirected,39
177,667,Undirected,3
177,726,Undirected,14
177,769,Undirected,3
178,199,Undirected,3
178,258,Undirected,11
178,499,Undirected,15
178,508,Undirected,7
178,509,Undirected,12
178,510,Undirected,14
178,564,Undirected,4
178,602,Undirected,3
178,725,Undirected,6
178,726,Undirected,13
178,729,Undirected,4
178,742,Undirected,4
178,746,Undirected,3
179,353,Undirected,8
179,442,Undirected,3
179,520,Undirected,3
179,567,Undirected,3
179,684,Undirected,6
180,183,Undirected,5
180,329,Undirected,14
180,350,Undirected,11
180,366,Undirected,3
180,746,Undirected,3
181,475,Undirected,3
182,664,Undirected,3
182,696,Undirected,3
183,275,Undirected,9
183,326,Undirected,16
183,329,Undirected,12
183,350,Undirected,5
183,351,Undirected,7
183,356,Undirected,3
183,366,Undirected,28
183,476,Undirected,12
183,511,Undirected,11
183,543,Undirected,4
183,560,Undirected,13
183,562,Undirected,3
183,570,Undirected,4
183,590,Undirected,5
183,602,Undirected,3
183,746,Undirected,26
184,715,Undirected,3
185,258,Undirected,21
185,327,Undirected,16
185,354,Undirected,9
185,472,Undirected,16
185,542,Undirected,16
185,568,Undirected,23
185,632,Undirected,10
185,700,Undirected,12
185,761,Undirected,3
186,608,Undirected,3
186,744,Undirected,3
187,190,Undirected,5
187,259,Undirected,12
187,345,Undirected,4
187,360,Undirected,13
187,631,Undirected,6
188,360,Undirected,10
188,559,Undirected,8
188,673,Undirected,4
189,191,Undirected,3
189,224,Undirected,4
189,237,Undirected,3
189,242,Undirected,3
189,258,Undirected,13
189,293,Undirected,5
189,300,Undirected,4
189,317,Undirected,3
189,327,Undirected,11
189,333,Undirected,4
189,336,Undirected,33
189,338,Undirected,11
189,354,Undirected,41
189,357,Undirected,51
189,360,Undirected,65
189,368,Undirected,32
189,371,Undirected,5
189,411,Undirected,12
189,419,Undirected,19
189,421,Undirected,19
189,426,Undirected,12
189,448,Undirected,3
189,449,Undirected,3
189,484,Undirected,11
189,495,Undirected,3
189,538,Undirected,85
189,545,Undirected,4
189,552,Undirected,36
189,573,Undirected,4
189,578,Undirected,4
189,584,Undirected,38
189,588,Undirected,10
189,596,Undirected,4
189,598,Undirected,15
189,600,Undirected,46
189,602,Undirected,334
189,607,Undirected,7
189,617,Undirected,5
189,632,Undirected,14
189,633,Undirected,43
189,667,Undirected,32
189,683,Undirected,6
189,696,Undirected,31
189,705,Undirected,7
189,709,Undirected,15
189,716,Undirected,5
189,717,Undirected,3
189,719,Undirected,4
189,726,Undirected,40
189,729,Undirected,18
189,741,Undirected,4
189,742,Undirected,64
189,743,Undirected,12
189,768,Undirected,4
189,778,Undirected,3
189,780,Undirected,3
189,781,Undirected,4
190,202,Undirected,8
190,246,Undirected,3
190,259,Undirected,13
190,304,Undirected,4
190,338,Undirected,4
190,345,Undirected,9
190,360,Undirected,41
190,490,Undirected,3
190,523,Undirected,3
190,555,Undirected,5
190,631,Undirected,19
190,635,Undirected,3
190,757,Undirected,3
191,200,Undirected,3
191,204,Undirected,11
191,217,Undirected,3
191,313,Undirected,21
191,327,Undirected,4
191,336,Undirected,35
191,375,Undirected,4
191,414,Undirected,4
191,426,Undirected,5
191,449,Undirected,8
191,538,Undirected,4
191,600,Undirected,51
191,622,Undirected,19
191,628,Undirected,5
191,689,Undirected,3
191,710,Undirected,4
191,728,Undirected,3
191,729,Undirected,11
191,751,Undirected,13
192,554,Undirected,9
192,602,Undirected,3
192,648,Undirected,3
192,667,Undirected,6
193,336,Undirected,9
193,628,Undirected,5
193,754,Undirected,8
195,467,Undirected,3
195,502,Undirected,4
196,670,Undirected,3
197,258,Undirected,7
197,336,Undirected,4
197,510,Undirected,9
197,588,Undirected,13
197,726,Undirected,6
197,729,Undirected,3
198,442,Undirected,5
198,461,Undirected,18
198,633,Undirected,5
198,687,Undirected,3
199,510,Undirected,7
199,726,Undirected,4
200,336,Undirected,6
200,600,Undirected,9
200,617,Undirected,3
200,729,Undirected,3
200,751,Undirected,6
202,285,Undirected,3
202,308,Undirected,4
202,338,Undirected,4
202,360,Undirected,15
203,584,Undirected,3
203,599,Undirected,3
204,217,Undirected,3
204,238,Undirected,5
204,336,Undirected,8
204,628,Undirected,4
204,729,Undirected,3
206,285,Undirected,3
206,635,Undirected,3
207,426,Undirected,3
207,739,Undirected,3
209,263,Undirected,7
209,360,Undirected,4
209,675,Undirected,3
210,316,Undirected,4
210,322,Undirected,3
210,506,Undirected,4
210,563,Undirected,3
210,582,Undirected,6
210,608,Undirected,4
210,636,Undirected,3
210,696,Undirected,4
210,744,Undirected,50
213,567,Undirected,7
214,696,Undirected,6
215,365,Undirected,8
215,633,Undirected,3
216,511,Undirected,4
218,358,Undirected,4
221,307,Undirected,6
221,696,Undirected,3
222,360,Undirected,4
222,490,Undirected,5
223,256,Undirected,4
223,303,Undirected,12
223,586,Undirected,5
223,655,Undirected,12
224,336,Undirected,3
224,361,Undirected,4
224,596,Undirected,4
224,600,Undirected,5
224,604,Undirected,3
224,617,Undirected,3
225,726,Undirected,3
226,345,Undirected,4
226,758,Undirected,13
226,767,Undirected,12
227,240,Undirected,5
227,499,Undirected,5
227,508,Undirected,3
227,679,Undirected,8
227,725,Undirected,5
228,492,Undirected,5
229,354,Undirected,10
229,405,Undirected,3
229,411,Undirected,9
229,633,Undirected,5
229,726,Undirected,11
229,769,Undirected,3
230,336,Undirected,3
231,677,Undirected,3
232,277,Undirected,4
232,332,Undirected,4
232,360,Undirected,3
234,349,Undirected,3
234,677,Undirected,3
236,253,Undirected,3
236,360,Undirected,3
237,257,Undirected,3
237,293,Undirected,8
237,314,Undirected,53
237,339,Undirected,4
237,399,Undirected,9
237,409,Undirected,17
237,471,Undirected,3
237,602,Undirected,3
237,632,Undirected,5
237,699,Undirected,8
237,708,Undirected,10
237,773,Undirected,3
237,775,Undirected,3
237,790,Undirected,8
238,336,Undirected,7
238,729,Undirected,3
240,499,Undirected,9
241,693,Undirected,3
242,336,Undirected,4
242,406,Undirected,3
242,522,Undirected,3
242,602,Undirected,4
243,360,Undirected,5
243,579,Undirected,3
244,303,Undirected,4
244,468,Undirected,4
244,564,Undirected,49
244,691,Undirected,3
246,355,Undirected,3
246,360,Undirected,33
246,385,Undirected,7
246,439,Undirected,9
246,460,Undirected,3
246,464,Undirected,7
246,631,Undirected,84
246,657,Undirected,3
247,310,Undirected,6
247,426,Undirected,3
247,682,Undirected,4
249,360,Undirected,3
249,373,Undirected,3
249,439,Undirected,3
249,464,Undirected,3
249,667,Undirected,9
250,303,Undirected,5
250,383,Undirected,4
250,663,Undirected,6
251,755,Undirected,3
253,360,Undirected,3
254,744,Undirected,3
255,469,Undirected,3
256,558,Undirected,5
257,293,Undirected,4
257,399,Undirected,12
257,699,Undirected,3
257,708,Undirected,4
258,297,Undirected,3
258,327,Undirected,17
258,336,Undirected,15
258,354,Undirected,12
258,411,Undirected,10
258,449,Undirected,6
258,472,Undirected,16
258,510,Undirected,42
258,538,Undirected,3
258,542,Undirected,16
258,552,Undirected,6
258,567,Undirected,6
258,568,Undirected,25
258,600,Undirected,4
258,602,Undirected,4
258,632,Undirected,31
258,633,Undirected,5
258,700,Undirected,17
258,726,Undirected,30
258,729,Undirected,20
258,761,Undirected,5
259,279,Undirected,6
259,345,Undirected,13
259,360,Undirected,64
259,378,Undirected,5
259,526,Undirected,4
259,555,Undirected,63
259,631,Undirected,57
259,657,Undirected,3
259,706,Undirected,10
260,430,Undirected,9
260,601,Undirected,4
260,633,Undirected,3
261,303,Undirected,3
261,329,Undirected,4
261,366,Undirected,4
261,655,Undirected,6
263,342,Undirected,3
263,360,Undirected,5
264,274,Undirected,5
264,413,Undirected,5
265,538,Undirected,3
266,298,Undirected,4
266,351,Undirected,5
266,655,Undirected,3
267,661,Undirected,7
267,696,Undirected,3
268,464,Undirected,4
269,726,Undirected,7
270,584,Undirected,7
271,601,Undirected,3
271,693,Undirected,5
272,295,Undirected,6
272,330,Undirected,4
272,337,Undirected,4
272,354,Undirected,4
272,408,Undirected,5
272,428,Undirected,3
272,442,Undirected,5
272,516,Undirected,4
272,552,Undirected,12
272,567,Undirected,4
272,633,Undirected,3
272,688,Undirected,5
272,710,Undirected,4
272,726,Undirected,3
273,764,Undirected,4
274,413,Undirected,3
274,556,Undirected,3
274,720,Undirected,3
275,476,Undirected,3
275,560,Undirected,11
275,570,Undirected,3
276,738,Undirected,8
277,332,Undirected,3
277,360,Undirected,4
278,360,Undirected,4
279,360,Undirected,26
279,555,Undirected,8
279,575,Undirected,3
279,631,Undirected,6
279,706,Undirected,6
280,326,Undirected,3
280,358,Undirected,13
280,400,Undirected,4
280,543,Undirected,3
280,557,Undirected,5
280,613,Undirected,26
280,726,Undirected,54
280,785,Undirected,4
280,792,Undirected,5
282,419,Undirected,4
282,600,Undirected,13
282,696,Undirected,7
282,762,Undirected,3
283,354,Undirected,3
283,726,Undirected,5
284,607,Undirected,3
285,308,Undirected,5
285,360,Undirected,18
285,378,Undirected,3
285,398,Undirected,3
285,490,Undirected,3
285,620,Undirected,4
285,635,Undirected,11
285,662,Undirected,3
286,413,Undirected,3
287,342,Undirected,3
287,360,Undirected,7
287,439,Undirected,10
287,576,Undirected,5
287,675,Undirected,4
287,715,Undirected,4
287,738,Undirected,3
287,760,Undirected,3
289,744,Undirected,3
290,501,Undirected,5
291,601,Undirected,4
291,789,Undirected,3
292,358,Undirected,18
292,497,Undirected,4
293,321,Undirected,3
293,368,Undirected,4
293,399,Undirected,7
293,632,Undirected,3
294,696,Undirected,5
295,336,Undirected,3
295,516,Undirected,3
295,552,Undirected,12
295,667,Undirected,3
295,684,Undirected,3
295,710,Undirected,3
297,574,Undirected,3
297,604,Undirected,4
298,351,Undirected,8
299,368,Undirected,5
299,778,Undirected,3
300,354,Undirected,4
300,726,Undirected,4
301,354,Undirected,6
301,552,Undirected,3
301,726,Undirected,12
302,381,Undirected,5
302,432,Undirected,4
302,442,Undirected,11
302,520,Undirected,4
302,684,Undirected,4
302,710,Undirected,7
302,733,Undirected,6
303,329,Undirected,3
303,350,Undirected,3
303,383,Undirected,9
303,443,Undirected,5
303,477,Undirected,6
303,558,Undirected,3
303,564,Undirected,15
303,586,Undirected,13
303,655,Undirected,29
303,663,Undirected,5
303,668,Undirected,3
304,338,Undirected,4
304,360,Undirected,9
304,464,Undirected,3
304,490,Undirected,3
304,523,Undirected,3
304,526,Undirected,8
304,631,Undirected,3
305,309,Undirected,7
306,355,Undirected,38
306,419,Undirected,27
306,460,Undirected,59
306,501,Undirected,8
306,518,Undirected,16
306,598,Undirected,11
306,600,Undirected,5
306,607,Undirected,3
306,781,Undirected,3
307,348,Undirected,4
307,624,Undirected,3
307,696,Undirected,10
308,360,Undirected,4
309,354,Undirected,3
310,789,Undirected,3
311,340,Undirected,3
311,781,Undirected,5
312,336,Undirected,4
313,336,Undirected,4
313,414,Undirected,5
313,426,Undirected,9
313,600,Undirected,4
313,602,Undirected,3
313,689,Undirected,5
313,748,Undirected,7
314,399,Undirected,7
314,409,Undirected,28
314,459,Undirected,4
314,647,Undirected,3
314,708,Undirected,4
314,759,Undirected,4
314,775,Undirected,5
314,790,Undirected,8
315,361,Undirected,3
315,489,Undirected,3
315,573,Undirected,5
315,781,Undirected,5
316,608,Undirected,4
316,652,Undirected,4
316,744,Undirected,4
318,357,Undirected,3
320,336,Undirected,3
321,368,Undirected,5
321,419,Undirected,3
321,600,Undirected,3
321,607,Undirected,3
322,744,Undirected,4
323,399,Undirected,4
324,467,Undirected,9
324,541,Undirected,19
324,574,Undirected,5
324,632,Undirected,3
324,633,Undirected,3
326,329,Undirected,3
326,358,Undirected,6
326,366,Undirected,7
326,602,Undirected,6
326,613,Undirected,6
326,726,Undirected,30
326,746,Undirected,14
327,336,Undirected,30
327,348,Undirected,3
327,354,Undirected,26
327,411,Undirected,3
327,422,Undirected,6
327,472,Undirected,22
327,542,Undirected,8
327,568,Undirected,16
327,602,Undirected,4
327,632,Undirected,13
327,633,Undirected,18
327,700,Undirected,11
327,726,Undirected,6
327,742,Undirected,5
329,350,Undirected,56
329,351,Undirected,7
329,366,Undirected,7
329,477,Undirected,13
329,570,Undirected,5
329,655,Undirected,5
329,746,Undirected,5
330,338,Undirected,4
330,354,Undirected,7
330,393,Undirected,3
330,710,Undirected,6
330,726,Undirected,16
330,742,Undirected,4
331,399,Undirected,5
332,360,Undirected,3
332,699,Undirected,5
334,432,Undirected,3
335,341,Undirected,3
336,354,Undirected,45
336,357,Undirected,5
336,360,Undirected,3
336,363,Undirected,9
336,368,Undirected,4
336,370,Undirected,17
336,372,Undirected,3
336,375,Undirected,4
336,381,Undirected,13
336,393,Undirected,22
336,399,Undirected,6
336,407,Undirected,3
336,411,Undirected,37
336,422,Undirected,9
336,426,Undirected,9
336,428,Undirected,5
336,440,Undirected,4
336,442,Undirected,10
336,445,Undirected,6
336,462,Undirected,3
336,472,Undirected,9
336,510,Undirected,3
336,513,Undirected,3
336,519,Undirected,22
336,538,Undirected,11
336,540,Undirected,10
336,552,Undirected,10
336,567,Undirected,25
336,568,Undirected,3
336,584,Undirected,28
336,585,Undirected,3
336,588,Undirected,7
336,596,Undirected,7
336,600,Undirected,41
336,602,Undirected,69
336,606,Undirected,9
336,607,Undirected,3
336,615,Undirected,4
336,617,Undirected,17
336,619,Undirected,9
336,628,Undirected,13
336,632,Undirected,21
336,633,Undirected,23
336,643,Undirected,3
336,646,Undirected,4
336,649,Undirected,3
336,666,Undirected,3
336,667,Undirected,12
336,677,Undirected,4
336,684,Undirected,4
336,696,Undirected,4
336,699,Undirected,6
336,710,Undirected,36
336,726,Undirected,113
336,727,Undirected,3
336,728,Undirected,6
336,729,Undirected,51
336,734,Undirected,11
336,740,Undirected,22
336,742,Undirected,19
336,751,Undirected,5
336,754,Undirected,4
336,756,Undirected,18
336,778,Undirected,3
336,779,Undirected,3
336,795,Undirected,3
337,391,Undirected,3
337,687,Undirected,3
338,354,Undirected,14
338,360,Undirected,26
338,439,Undirected,6
338,523,Undirected,9
338,538,Undirected,8
338,552,Undirected,3
338,602,Undirected,4
338,631,Undirected,7
338,633,Undirected,3
338,667,Undirected,4
338,726,Undirected,31
338,742,Undirected,7
339,619,Undirected,16
339,761,Undirected,4
339,790,Undirected,3
340,587,Undirected,3
341,345,Undirected,14
341,360,Undirected,7
341,698,Undirected,3
342,360,Undirected,21
342,439,Undirected,8
342,576,Undirected,6
342,675,Undirected,16
342,737,Undirected,5
342,788,Undirected,6
343,345,Undirected,4
343,360,Undirected,4
343,698,Undirected,6
344,696,Undirected,4
344,728,Undirected,3
345,360,Undirected,174
345,366,Undirected,3
345,395,Undirected,3
345,439,Undirected,4
345,523,Undirected,3
345,525,Undirected,3
345,559,Undirected,21
345,602,Undirected,4
345,631,Undirected,51
345,657,Undirected,3
345,698,Undirected,19
345,726,Undirected,27
345,790,Undirected,3
346,462,Undirected,4
348,411,Undirected,4
348,484,Undirected,7
348,573,Undirected,12
348,602,Undirected,3
348,617,Undirected,3
348,624,Undirected,3
348,633,Undirected,27
348,665,Undirected,3
348,696,Undirected,24
349,414,Undirected,4
349,600,Undirected,24
349,751,Undirected,5
350,366,Undirected,9
350,477,Undirected,15
350,570,Undirected,5
350,655,Undirected,3
351,366,Undirected,11
351,476,Undirected,3
351,570,Undirected,10
352,729,Undirected,4
353,519,Undirected,3
353,567,Undirected,3
353,684,Undirected,4
354,360,Undirected,14
354,381,Undirected,11
354,393,Undirected,4
354,411,Undirected,18
354,428,Undirected,17
354,439,Undirected,5
354,440,Undirected,8
354,442,Undirected,56
354,464,Undirected,4
354,472,Undirected,34
354,484,Undirected,9
354,495,Undirected,17
354,499,Undirected,30
354,510,Undirected,8
354,513,Undirected,3
354,519,Undirected,18
354,535,Undirected,5
354,538,Undirected,39
354,542,Undirected,9
354,552,Undirected,19
354,567,Undirected,3
354,568,Undirected,9
354,584,Undirected,25
354,600,Undirected,49
354,602,Undirected,64
354,607,Undirected,9
354,632,Undirected,71
354,633,Undirected,222
354,640,Undirected,3
354,644,Undirected,3
354,648,Undirected,3
354,667,Undirected,45
354,700,Undirected,10
354,710,Undirected,77
354,726,Undirected,219
354,729,Undirected,37
354,742,Undirected,37
354,790,Undirected,3
355,419,Undirected,7
355,460,Undirected,73
355,518,Undirected,4
355,598,Undirected,5
355,631,Undirected,10
356,511,Undirected,3
357,426,Undirected,19
357,538,Undirected,7
357,552,Undirected,11
357,601,Undirected,3
357,602,Undirected,39
357,667,Undirected,13
357,726,Undirected,8
357,742,Undirected,5
358,400,Undirected,11
358,497,Undirected,9
358,507,Undirected,3
358,588,Undirected,7
358,602,Undirected,8
358,613,Undirected,12
358,726,Undirected,37
358,729,Undirected,4
358,742,Undirected,6
358,785,Undirected,9
359,456,Undirected,3
360,368,Undirected,3
360,378,Undirected,5
360,395,Undirected,4
360,398,Undirected,18
360,419,Undirected,10
360,434,Undirected,3
360,437,Undirected,5
360,439,Undirected,112
360,457,Undirected,3
360,464,Undirected,57
360,484,Undirected,4
360,490,Undirected,18
360,501,Undirected,4
360,503,Undirected,3
360,515,Undirected,6
360,523,Undirected,10
360,524,Undirected,5
360,525,Undirected,3
360,526,Undirected,17
360,534,Undirected,7
360,555,Undirected,77
360,559,Undirected,73
360,575,Undirected,8
360,576,Undirected,53
360,598,Undirected,16
360,600,Undirected,91
360,602,Undirected,29
360,607,Undirected,3
360,620,Undirected,6
360,627,Undirected,11
360,631,Undirected,228
360,633,Undirected,11
360,635,Undirected,48
360,640,Undirected,38
360,648,Undirected,4
360,653,Undirected,6
360,660,Undirected,3
360,662,Undirected,5
360,667,Undirected,91
360,673,Undirected,13
360,675,Undirected,40
360,696,Undirected,16
360,698,Undirected,4
360,706,Undirected,13
360,707,Undirected,4
360,712,Undirected,6
360,715,Undirected,73
360,724,Undirected,12
360,726,Undirected,56
360,731,Undirected,3
360,737,Undirected,48
360,738,Undirected,7
360,760,Undirected,3
360,765,Undirected,5
360,777,Undirected,11
360,788,Undirected,80
360,790,Undirected,6
360,794,Undirected,3
361,362,Undirected,4
361,431,Undirected,8
361,596,Undirected,14
361,600,Undirected,31
361,605,Undirected,3
361,617,Undirected,3
361,696,Undirected,5
361,729,Undirected,3
361,751,Undirected,4
361,762,Undirected,3
362,600,Undirected,5
363,728,Undirected,3
364,406,Undirected,3
364,522,Undirected,3
366,469,Undirected,9
366,476,Undirected,5
366,477,Undirected,3
366,505,Undirected,4
366,536,Undirected,9
366,543,Undirected,3
366,560,Undirected,7
366,570,Undirected,3
366,588,Undirected,14
366,602,Undirected,10
366,726,Undirected,27
366,746,Undirected,15
367,439,Undirected,6
367,464,Undirected,4
368,484,Undirected,3
368,538,Undirected,8
368,600,Undirected,9
368,602,Undirected,7
368,607,Undirected,5
368,633,Undirected,9
368,667,Undirected,3
368,696,Undirected,3
368,709,Undirected,5
368,743,Undirected,5
368,778,Undirected,6
369,419,Undirected,3
370,540,Undirected,6
373,595,Undirected,7
373,667,Undirected,10
374,488,Undirected,5
374,726,Undirected,6
375,449,Undirected,3
376,723,Undirected,3
376,726,Undirected,3
377,564,Undirected,3
378,526,Undirected,5
378,555,Undirected,3
378,635,Undirected,4
378,662,Undirected,4
379,633,Undirected,3
380,744,Undirected,12
381,393,Undirected,17
381,428,Undirected,5
381,552,Undirected,8
381,574,Undirected,6
381,615,Undirected,3
381,633,Undirected,5
381,667,Undirected,3
381,710,Undirected,20
381,726,Undirected,30
381,729,Undirected,32
381,742,Undirected,8
381,770,Undirected,3
382,629,Undirected,4
382,667,Undirected,3
383,663,Undirected,4
383,668,Undirected,3
384,749,Undirected,13
385,631,Undirected,8
386,790,Undirected,5
388,726,Undirected,5
390,696,Undirected,4
391,687,Undirected,3
392,544,Undirected,3
393,481,Undirected,11
393,519,Undirected,13
393,602,Undirected,7
393,633,Undirected,3
393,726,Undirected,18
393,742,Undirected,3
395,631,Undirected,3
395,657,Undirected,8
395,659,Undirected,3
397,460,Undirected,6
398,712,Undirected,4
398,715,Undirected,3
398,777,Undirected,9
399,632,Undirected,5
399,647,Undirected,3
399,689,Undirected,3
399,699,Undirected,13
399,708,Undirected,21
400,613,Undirected,5
400,726,Undirected,16
400,785,Undirected,5
400,792,Undirected,3
401,726,Undirected,4
402,531,Undirected,8
402,616,Undirected,3
402,631,Undirected,3
403,607,Undirected,5
404,781,Undirected,4
406,522,Undirected,3
408,644,Undirected,5
408,680,Undirected,3
408,688,Undirected,18
408,726,Undirected,8
408,742,Undirected,5
409,759,Undirected,7
409,775,Undirected,3
409,790,Undirected,13
410,744,Undirected,3
411,428,Undirected,9
411,442,Undirected,31
411,513,Undirected,5
411,519,Undirected,17
411,538,Undirected,5
411,584,Undirected,27
411,602,Undirected,7
411,607,Undirected,3
411,632,Undirected,4
411,633,Undirected,27
411,667,Undirected,4
411,710,Undirected,13
411,726,Undirected,21
411,769,Undirected,4
412,584,Undirected,3
413,664,Undirected,3
413,678,Undirected,3
413,696,Undirected,7
413,735,Undirected,3
413,764,Undirected,4
414,449,Undirected,3
414,470,Undirected,3
414,600,Undirected,12
414,617,Undirected,3
414,622,Undirected,4
414,751,Undirected,6
414,754,Undirected,3
415,494,Undirected,6
415,538,Undirected,8
415,601,Undirected,4
415,633,Undirected,9
416,582,Undirected,3
416,718,Undirected,3
418,656,Undirected,3
419,460,Undirected,4
419,501,Undirected,12
419,518,Undirected,28
419,596,Undirected,3
419,598,Undirected,21
419,600,Undirected,26
419,607,Undirected,21
419,696,Undirected,27
419,710,Undirected,3
419,726,Undirected,10
419,753,Undirected,4
420,667,Undirected,3
421,588,Undirected,4
421,602,Undirected,9
421,633,Undirected,4
423,425,Undirected,4
423,426,Undirected,3
423,538,Undirected,4
423,601,Undirected,6
425,538,Undirected,3
426,444,Undirected,15
426,456,Undirected,3
426,504,Undirected,12
426,538,Undirected,47
426,601,Undirected,23
426,602,Undirected,8
426,633,Undirected,41
426,667,Undirected,4
426,689,Undirected,3
426,726,Undirected,36
426,729,Undirected,4
426,739,Undirected,5
428,442,Undirected,11
428,456,Undirected,3
428,510,Undirected,15
428,513,Undirected,7
428,535,Undirected,10
428,552,Undirected,4
428,574,Undirected,8
428,584,Undirected,4
428,603,Undirected,3
428,633,Undirected,9
428,667,Undirected,12
428,710,Undirected,10
428,726,Undirected,18
428,729,Undirected,14
428,769,Undirected,4
430,494,Undirected,4
430,601,Undirected,7
430,633,Undirected,3
431,596,Undirected,3
431,600,Undirected,7
432,633,Undirected,4
432,710,Undirected,5
432,742,Undirected,3
435,462,Undirected,3
436,507,Undirected,7
437,503,Undirected,3
437,640,Undirected,5
438,698,Undirected,4
439,464,Undirected,6
439,555,Undirected,4
439,559,Undirected,13
439,573,Undirected,7
439,576,Undirected,12
439,624,Undirected,4
439,631,Undirected,10
439,665,Undirected,5
439,667,Undirected,16
439,675,Undirected,14
439,696,Undirected,9
439,698,Undirected,7
439,715,Undirected,32
439,737,Undirected,14
439,738,Undirected,9
439,788,Undirected,14
440,632,Undirected,5
440,633,Undirected,3
440,726,Undirected,19
440,742,Undirected,3
441,594,Undirected,4
442,461,Undirected,9
442,513,Undirected,7
442,516,Undirected,4
442,519,Undirected,8
442,520,Undirected,14
442,567,Undirected,6
442,584,Undirected,19
442,602,Undirected,5
442,633,Undirected,41
442,641,Undirected,3
442,684,Undirected,15
442,687,Undirected,3
442,710,Undirected,51
442,726,Undirected,10
442,742,Undirected,3
442,769,Undirected,8
444,538,Undirected,5
444,601,Undirected,3
444,607,Undirected,5
444,633,Undirected,12
444,726,Undirected,10
444,772,Undirected,4
447,667,Undirected,3
449,600,Undirected,3
449,729,Undirected,3
450,681,Undirected,4
451,729,Undirected,3
451,770,Undirected,3
452,600,Undirected,3
453,631,Undirected,6
454,667,Undirected,3
456,535,Undirected,8
456,574,Undirected,4
456,584,Undirected,8
456,667,Undirected,3
460,518,Undirected,6
460,598,Undirected,6
460,631,Undirected,5
461,633,Undirected,6
463,744,Undirected,3
464,576,Undirected,6
464,584,Undirected,4
464,629,Undirected,6
464,631,Undirected,7
464,640,Undirected,26
464,653,Undirected,3
464,667,Undirected,87
464,788,Undirected,3
465,487,Undirected,5
467,502,Undirected,4
467,541,Undirected,14
468,564,Undirected,14
468,691,Undirected,9
470,538,Undirected,3
472,519,Undirected,21
472,542,Undirected,8
472,568,Undirected,16
472,602,Undirected,3
472,632,Undirected,19
472,633,Undirected,8
472,683,Undirected,5
472,700,Undirected,11
472,726,Undirected,12
473,558,Undirected,3
474,518,Undirected,3
474,696,Undirected,4
475,558,Undirected,4
476,560,Undirected,9
477,564,Undirected,3
477,655,Undirected,6
478,638,Undirected,10
478,733,Undirected,12
479,531,Undirected,3
479,616,Undirected,7
480,667,Undirected,3
481,519,Undirected,12
482,609,Undirected,4
482,726,Undirected,7
482,744,Undirected,21
483,726,Undirected,20
484,499,Undirected,12
484,538,Undirected,3
484,602,Undirected,7
484,633,Undirected,47
486,726,Undirected,4
488,726,Undirected,5
489,667,Undirected,7
490,526,Undirected,3
490,635,Undirected,4
490,662,Undirected,3
491,715,Undirected,4
493,696,Undirected,3
494,498,Undirected,6
494,601,Undirected,9
495,632,Undirected,11
495,633,Undirected,10
498,601,Undirected,4
498,633,Undirected,3
499,600,Undirected,3
499,601,Undirected,4
499,602,Undirected,3
499,632,Undirected,4
499,633,Undirected,18
499,667,Undirected,3
499,679,Undirected,4
499,710,Undirected,36
499,722,Undirected,14
499,726,Undirected,21
500,756,Undirected,3
501,600,Undirected,4
503,534,Undirected,3
503,640,Undirected,8
504,538,Undirected,17
504,601,Undirected,7
504,633,Undirected,13
504,789,Undirected,3
505,536,Undirected,4
505,726,Undirected,8
505,787,Undirected,12
506,572,Undirected,3
506,608,Undirected,6
506,744,Undirected,11
508,509,Undirected,17
508,725,Undirected,13
509,725,Undirected,16
510,633,Undirected,3
510,725,Undirected,3
510,726,Undirected,41
510,729,Undirected,9
510,746,Undirected,4
512,564,Undirected,3
513,633,Undirected,12
513,726,Undirected,3
514,600,Undirected,12
514,628,Undirected,4
515,788,Undirected,3
516,538,Undirected,5
516,552,Undirected,5
516,667,Undirected,3
516,684,Undirected,4
516,710,Undirected,3
517,519,Undirected,4
517,520,Undirected,6
518,598,Undirected,8
518,600,Undirected,6
518,696,Undirected,4
519,520,Undirected,10
519,552,Undirected,3
519,567,Undirected,3
519,633,Undirected,8
519,710,Undirected,6
519,726,Undirected,18
520,667,Undirected,3
520,684,Undirected,3
520,710,Undirected,6
521,538,Undirected,4
521,633,Undirected,5
523,555,Undirected,3
523,760,Undirected,4
525,631,Undirected,3
525,698,Undirected,6
526,555,Undirected,4
526,602,Undirected,3
526,635,Undirected,4
526,662,Undirected,4
529,573,Undirected,3
529,696,Undirected,3
530,640,Undirected,3
530,648,Undirected,6
530,667,Undirected,6
531,566,Undirected,4
531,621,Undirected,9
531,755,Undirected,10
533,710,Undirected,4
534,640,Undirected,7
534,777,Undirected,3
535,631,Undirected,4
535,726,Undirected,4
536,676,Undirected,4
536,726,Undirected,59
536,787,Undirected,9
537,600,Undirected,6
537,762,Undirected,3
538,541,Undirected,4
538,552,Undirected,26
538,584,Undirected,17
538,600,Undirected,6
538,601,Undirected,26
538,602,Undirected,30
538,607,Undirected,7
538,617,Undirected,3
538,632,Undirected,3
538,633,Undirected,61
538,667,Undirected,8
538,682,Undirected,5
538,709,Undirected,4
538,726,Undirected,71
538,729,Undirected,5
538,742,Undirected,60
538,789,Undirected,15
539,628,Undirected,4
539,751,Undirected,4
540,567,Undirected,3
540,726,Undirected,3
541,633,Undirected,7
541,726,Undirected,40
541,729,Undirected,4
542,568,Undirected,17
542,632,Undirected,22
542,633,Undirected,3
542,700,Undirected,19
542,761,Undirected,3
548,630,Undirected,6
549,726,Undirected,3
550,552,Undirected,3
550,650,Undirected,3
551,783,Undirected,10
552,567,Undirected,10
552,584,Undirected,7
552,602,Undirected,29
552,633,Undirected,8
552,645,Undirected,4
552,667,Undirected,12
552,726,Undirected,33
552,729,Undirected,13
552,742,Undirected,35
552,751,Undirected,3
553,646,Undirected,8
553,701,Undirected,7
553,740,Undirected,3
554,648,Undirected,9
554,667,Undirected,15
555,575,Undirected,4
555,631,Undirected,29
555,635,Undirected,4
555,706,Undirected,12
556,720,Undirected,5
557,726,Undirected,6
559,569,Undirected,3
559,576,Undirected,10
559,631,Undirected,6
559,673,Undirected,6
559,698,Undirected,3
559,788,Undirected,5
560,562,Undirected,4
562,570,Undirected,6
563,744,Undirected,4
564,691,Undirected,14
564,722,Undirected,3
565,631,Undirected,4
565,784,Undirected,4
567,603,Undirected,4
567,617,Undirected,6
567,667,Undirected,3
567,756,Undirected,4
568,632,Undirected,10
568,700,Undirected,14
571,744,Undirected,7
572,744,Undirected,3
573,583,Undirected,4
573,600,Undirected,7
573,607,Undirected,5
573,617,Undirected,23
573,656,Undirected,5
573,661,Undirected,6
573,667,Undirected,8
573,696,Undirected,101
573,753,Undirected,3
573,781,Undirected,5
573,786,Undirected,7
574,584,Undirected,6
574,603,Undirected,3
574,604,Undirected,3
574,631,Undirected,9
574,667,Undirected,3
575,631,Undirected,3
576,627,Undirected,4
576,675,Undirected,8
576,715,Undirected,5
576,760,Undirected,5
576,788,Undirected,15
578,602,Undirected,8
580,600,Undirected,8
580,612,Undirected,3
581,711,Undirected,4
584,600,Undirected,25
584,602,Undirected,80
584,632,Undirected,7
584,633,Undirected,16
584,667,Undirected,110
584,669,Undirected,3
584,726,Undirected,23
584,729,Undirected,3
584,742,Undirected,18
585,625,Undirected,3
586,655,Undirected,5
587,781,Undirected,3
588,591,Undirected,3
588,602,Undirected,48
588,633,Undirected,3
588,729,Undirected,4
588,746,Undirected,15
591,746,Undirected,3
592,745,Undirected,3
595,667,Undirected,3
596,600,Undirected,28
596,617,Undirected,3
598,600,Undirected,53
598,607,Undirected,3
598,633,Undirected,20
598,696,Undirected,20
598,726,Undirected,4
598,753,Undirected,5
600,602,Undirected,9
600,605,Undirected,3
600,607,Undirected,27
600,612,Undirected,4
600,614,Undirected,5
600,617,Undirected,24
600,622,Undirected,4
600,628,Undirected,8
600,631,Undirected,4
600,633,Undirected,44
600,666,Undirected,5
600,667,Undirected,22
600,671,Undirected,4
600,672,Undirected,3
600,677,Undirected,3
600,696,Undirected,76
600,716,Undirected,3
600,721,Undirected,3
600,726,Undirected,44
600,729,Undirected,30
600,736,Undirected,3
600,742,Undirected,3
600,751,Undirected,40
600,754,Undirected,4
600,762,Undirected,3
600,770,Undirected,3
600,781,Undirected,6
600,790,Undirected,3
601,633,Undirected,17
601,693,Undirected,4
601,726,Undirected,9
601,789,Undirected,4
602,632,Undirected,14
602,633,Undirected,35
602,667,Undirected,68
602,684,Undirected,5
602,699,Undirected,6
602,710,Undirected,12
602,726,Undirected,42
602,729,Undirected,29
602,737,Undirected,3
602,742,Undirected,44
602,743,Undirected,3
602,746,Undirected,16
602,768,Undirected,3
604,619,Undirected,3
604,667,Undirected,4
604,740,Undirected,3
605,762,Undirected,3
607,617,Undirected,4
607,696,Undirected,21
607,726,Undirected,10
607,753,Undirected,3
607,772,Undirected,7
607,781,Undirected,6
608,652,Undirected,3
608,744,Undirected,3
609,744,Undirected,7
610,696,Undirected,4
613,726,Undirected,20
613,785,Undirected,12
613,792,Undirected,9
617,628,Undirected,3
617,667,Undirected,18
617,696,Undirected,14
617,726,Undirected,6
617,729,Undirected,13
617,740,Undirected,12
617,750,Undirected,4
617,751,Undirected,3
617,756,Undirected,6
617,781,Undirected,5
618,667,Undirected,3
619,646,Undirected,4
619,740,Undirected,6
619,790,Undirected,4
619,795,Undirected,5
622,751,Undirected,9
624,665,Undirected,5
624,696,Undirected,12
627,715,Undirected,6
627,788,Undirected,8
628,671,Undirected,4
628,754,Undirected,5
629,667,Undirected,20
631,657,Undirected,19
631,667,Undirected,37
631,694,Undirected,7
631,784,Undirected,18
632,633,Undirected,53
632,699,Undirected,16
632,700,Undirected,23
632,701,Undirected,4
632,710,Undirected,5
632,726,Undirected,25
633,644,Undirected,8
633,667,Undirected,11
633,688,Undirected,7
633,709,Undirected,3
633,710,Undirected,13
633,726,Undirected,118
633,727,Undirected,3
633,729,Undirected,6
633,742,Undirected,8
633,769,Undirected,5
633,789,Undirected,3
634,725,Undirected,3
635,640,Undirected,4
635,662,Undirected,4
637,726,Undirected,8
637,787,Undirected,4
638,733,Undirected,12
640,648,Undirected,8
640,667,Undirected,41
640,737,Undirected,15
640,777,Undirected,5
642,762,Undirected,3
644,667,Undirected,3
644,680,Undirected,3
644,688,Undirected,3
644,726,Undirected,68
644,727,Undirected,7
644,742,Undirected,27
645,702,Undirected,8
645,726,Undirected,32
645,730,Undirected,4
646,701,Undirected,6
646,795,Undirected,3
647,708,Undirected,3
648,667,Undirected,7
648,710,Undirected,3
648,737,Undirected,4
651,726,Undirected,4
653,667,Undirected,3
654,658,Undirected,3
656,661,Undirected,6
656,696,Undirected,4
661,696,Undirected,8
661,786,Undirected,3
664,696,Undirected,3
665,696,Undirected,7
667,669,Undirected,3
667,695,Undirected,3
667,696,Undirected,10
667,710,Undirected,16
667,724,Undirected,7
667,726,Undirected,52
667,729,Undirected,30
667,737,Undirected,15
667,742,Undirected,10
667,771,Undirected,3
667,781,Undirected,19
671,751,Undirected,3
673,788,Undirected,3
674,696,Undirected,4
674,763,Undirected,3
675,715,Undirected,5
675,788,Undirected,9
676,726,Undirected,7
676,787,Undirected,6
677,781,Undirected,3
679,725,Undirected,3
680,726,Undirected,7
682,789,Undirected,4
683,790,Undirected,3
684,710,Undirected,8
684,726,Undirected,3
685,744,Undirected,10
688,726,Undirected,9
689,708,Undirected,3
695,781,Undirected,3
696,726,Undirected,3
696,729,Undirected,3
696,735,Undirected,3
696,744,Undirected,3
696,750,Undirected,3
696,751,Undirected,4
696,752,Undirected,6
696,753,Undirected,6
696,763,Undirected,3
696,764,Undirected,17
696,774,Undirected,4
696,781,Undirected,3
696,786,Undirected,5
697,738,Undirected,7
702,726,Undirected,13
702,742,Undirected,3
704,770,Undirected,6
710,726,Undirected,26
710,729,Undirected,11
712,715,Undirected,8
715,737,Undirected,9
715,760,Undirected,9
715,788,Undirected,11
723,726,Undirected,8
726,727,Undirected,11
726,729,Undirected,117
726,739,Undirected,9
726,742,Undirected,107
726,746,Undirected,4
726,747,Undirected,6
726,769,Undirected,5
726,772,Undirected,4
726,785,Undirected,15
726,787,Undirected,17
726,790,Undirected,10
726,792,Undirected,11
729,740,Undirected,4
729,742,Undirected,9
729,751,Undirected,12
729,761,Undirected,7
729,779,Undirected,3
740,795,Undirected,3
744,776,Undirected,3
752,753,Undirected,15
753,764,Undirected,4
758,767,Undirected,18
759,761,Undirected,6
775,790,Undirected,4
785,792,Undirected,14